human,model,lb_best_policy,pseudo_lb_best_policy_overloaded,pomc,eamc
0.8005891135052253,0.7743211072105879,1.0,0.8923052092159949,0.8025662752693379,0.8531654763345842
