human,model,lb_best_policy,pseudo_lb_best_policy_overloaded,pomc,eamc
0.7958333333333333,0.434375,1.0,0.999375,0.8504166666666667,0.8733333333333333
