human,model,check_all
0.91875,0.434375,0.9839583333333334
0.91875,0.434375,0.985
0.91875,0.434375,0.9852083333333334
0.91875,0.434375,0.984375
0.91875,0.434375,0.98625
0.91875,0.434375,0.9808333333333333
0.91875,0.434375,0.9847916666666666
0.91875,0.434375,0.9822916666666667
0.91875,0.434375,0.9829166666666667
0.91875,0.434375,0.9852083333333334
