human,model,check_all
0.91875,0.434375,0.9883333333333333
0.91875,0.434375,0.9866666666666667
0.91875,0.434375,0.9852083333333334
0.91875,0.434375,0.9827083333333333
0.91875,0.434375,0.9841666666666666
0.91875,0.434375,0.9822916666666667
0.91875,0.434375,0.9847916666666666
0.91875,0.434375,0.9858333333333333
0.91875,0.434375,0.9847916666666666
0.91875,0.434375,0.9854166666666667
