human,model,check_all
0.91875,0.434375,0.6641666666666667
0.91875,0.434375,0.6275
0.91875,0.434375,0.591875
0.91875,0.434375,0.6514583333333334
0.91875,0.434375,0.6125
0.91875,0.434375,0.6825
0.91875,0.434375,0.62625
0.91875,0.434375,0.6508333333333334
0.91875,0.434375,0.579375
0.91875,0.434375,0.7270833333333333
