human,model,check_all
0.91875,0.434375,0.995
0.91875,0.434375,0.995
0.91875,0.434375,0.995
0.91875,0.434375,0.995
0.91875,0.434375,0.995
0.91875,0.434375,0.995
0.91875,0.434375,0.995
0.91875,0.434375,0.995
0.91875,0.434375,0.995
0.91875,0.434375,0.995
