human,model,check_all
0.91875,0.434375,0.9320833333333334
0.91875,0.434375,0.9329166666666666
0.91875,0.434375,0.9335416666666667
0.91875,0.434375,0.9358333333333333
0.91875,0.434375,0.9333333333333333
0.91875,0.434375,0.9325
0.91875,0.434375,0.9310416666666667
0.91875,0.434375,0.9352083333333333
0.91875,0.434375,0.930625
0.91875,0.434375,0.9325
