human,model,check_all
0.91875,0.434375,0.7585416666666667
0.91875,0.434375,0.7510416666666667
0.91875,0.434375,0.7289583333333334
0.91875,0.434375,0.7566666666666667
0.91875,0.434375,0.678125
0.91875,0.434375,0.701875
0.91875,0.434375,0.708125
0.91875,0.434375,0.7352083333333334
0.91875,0.434375,0.7122916666666667
0.91875,0.434375,0.713125
