human,model,check_all
0.91875,0.434375,0.88375
0.91875,0.434375,0.89125
0.91875,0.434375,0.8714583333333333
0.91875,0.434375,0.91
0.91875,0.434375,0.9139583333333333
0.91875,0.434375,0.91875
0.91875,0.434375,0.9114583333333334
0.91875,0.434375,0.8947916666666667
0.91875,0.434375,0.91625
0.91875,0.434375,0.891875
