human,model,check_all
0.91875,0.434375,0.9929166666666667
0.91875,0.434375,0.9929166666666667
0.91875,0.434375,0.991875
0.91875,0.434375,0.9933333333333333
0.91875,0.434375,0.991875
0.91875,0.434375,0.99375
0.91875,0.434375,0.993125
0.91875,0.434375,0.9933333333333333
0.91875,0.434375,0.9916666666666667
0.91875,0.434375,0.9933333333333333
