human,model,check_all
0.943125,0.434375,0.673125
0.943125,0.434375,0.6516666666666666
0.943125,0.434375,0.644375
0.943125,0.434375,0.6841666666666667
0.943125,0.434375,0.6625
0.943125,0.434375,0.6272916666666667
0.943125,0.434375,0.6789583333333333
0.943125,0.434375,0.6783333333333333
0.943125,0.434375,0.6477083333333333
0.943125,0.434375,0.6745833333333333
