human,model,check_all
0.943125,0.434375,0.445
0.943125,0.434375,0.35875
0.943125,0.434375,0.354375
0.943125,0.434375,0.380625
0.943125,0.434375,0.31166666666666665
0.943125,0.434375,0.38104166666666667
0.943125,0.434375,0.33395833333333336
0.943125,0.434375,0.393125
0.943125,0.434375,0.371875
0.943125,0.434375,0.330625
