human,model,check_all
0.943125,0.434375,0.29833333333333334
0.943125,0.434375,0.22958333333333333
0.943125,0.434375,0.27395833333333336
0.943125,0.434375,0.22354166666666667
0.943125,0.434375,0.25958333333333333
0.943125,0.434375,0.230625
0.943125,0.434375,0.2808333333333333
0.943125,0.434375,0.23625
0.943125,0.434375,0.216875
0.943125,0.434375,0.24395833333333333
