human,model,check_all
0.943125,0.434375,0.996875
0.943125,0.434375,0.9964583333333333
0.943125,0.434375,0.9970833333333333
0.943125,0.434375,0.996875
0.943125,0.434375,0.9966666666666667
0.943125,0.434375,0.9958333333333333
0.943125,0.434375,0.99875
0.943125,0.434375,0.9975
0.943125,0.434375,0.9966666666666667
0.943125,0.434375,0.9975
