human,model,check_all
0.943125,0.434375,0.7947916666666667
0.943125,0.434375,0.7929166666666667
0.943125,0.434375,0.79375
0.943125,0.434375,0.7933333333333333
0.943125,0.434375,0.7927083333333333
0.943125,0.434375,0.7933333333333333
0.943125,0.434375,0.7920833333333334
0.943125,0.434375,0.79375
0.943125,0.434375,0.7929166666666667
0.943125,0.434375,0.7916666666666666
