human,model,check_all
0.943125,0.434375,0.9972916666666667
0.943125,0.434375,0.9972916666666667
0.943125,0.434375,0.9970833333333333
0.943125,0.434375,0.9975
0.943125,0.434375,0.9972916666666667
0.943125,0.434375,0.9977083333333333
0.943125,0.434375,0.9964583333333333
0.943125,0.434375,0.9960416666666667
0.943125,0.434375,0.9977083333333333
0.943125,0.434375,0.996875
