human,model,check_all
0.7091666666666666,0.434375,0.8927083333333333
0.7091666666666666,0.434375,0.89625
0.7091666666666666,0.434375,0.8908333333333334
0.7091666666666666,0.434375,0.9016666666666666
0.7091666666666666,0.434375,0.8977083333333333
0.7091666666666666,0.434375,0.8989583333333333
0.7091666666666666,0.434375,0.8941666666666667
0.7091666666666666,0.434375,0.9010416666666666
0.7091666666666666,0.434375,0.895625
0.7091666666666666,0.434375,0.8929166666666667
