human,model,check_all
0.7091666666666666,0.434375,0.8695833333333334
0.7091666666666666,0.434375,0.8589583333333334
0.7091666666666666,0.434375,0.8585416666666666
0.7091666666666666,0.434375,0.861875
0.7091666666666666,0.434375,0.868125
0.7091666666666666,0.434375,0.8620833333333333
0.7091666666666666,0.434375,0.8585416666666666
0.7091666666666666,0.434375,0.8647916666666666
0.7091666666666666,0.434375,0.85625
0.7091666666666666,0.434375,0.8677083333333333
