human,model,check_all
0.7091666666666666,0.434375,0.8914583333333334
0.7091666666666666,0.434375,0.8960416666666666
0.7091666666666666,0.434375,0.896875
0.7091666666666666,0.434375,0.8920833333333333
0.7091666666666666,0.434375,0.9014583333333334
0.7091666666666666,0.434375,0.895
0.7091666666666666,0.434375,0.9029166666666667
0.7091666666666666,0.434375,0.894375
0.7091666666666666,0.434375,0.8916666666666667
0.7091666666666666,0.434375,0.898125
