human,model,check_all
0.7091666666666666,0.434375,0.861875
0.7091666666666666,0.434375,0.8664583333333333
0.7091666666666666,0.434375,0.8679166666666667
0.7091666666666666,0.434375,0.8597916666666666
0.7091666666666666,0.434375,0.8670833333333333
0.7091666666666666,0.434375,0.865
0.7091666666666666,0.434375,0.8654166666666666
0.7091666666666666,0.434375,0.8570833333333333
0.7091666666666666,0.434375,0.8547916666666666
0.7091666666666666,0.434375,0.865625
