human,model,check_all
0.7091666666666666,0.434375,0.9060416666666666
0.7091666666666666,0.434375,0.909375
0.7091666666666666,0.434375,0.9102083333333333
0.7091666666666666,0.434375,0.9116666666666666
0.7091666666666666,0.434375,0.9102083333333333
0.7091666666666666,0.434375,0.9079166666666667
0.7091666666666666,0.434375,0.9079166666666667
0.7091666666666666,0.434375,0.9058333333333334
0.7091666666666666,0.434375,0.9127083333333333
0.7091666666666666,0.434375,0.9089583333333333
