human,model,check_all
0.7091666666666666,0.434375,0.9033333333333333
0.7091666666666666,0.434375,0.9020833333333333
0.7091666666666666,0.434375,0.9002083333333334
0.7091666666666666,0.434375,0.905625
0.7091666666666666,0.434375,0.8997916666666667
0.7091666666666666,0.434375,0.9027083333333333
0.7091666666666666,0.434375,0.9102083333333333
0.7091666666666666,0.434375,0.9010416666666666
0.7091666666666666,0.434375,0.9041666666666667
0.7091666666666666,0.434375,0.9002083333333334
