human,model,check_all
0.7091666666666666,0.434375,0.9283333333333333
0.7091666666666666,0.434375,0.926875
0.7091666666666666,0.434375,0.929375
0.7091666666666666,0.434375,0.9279166666666666
0.7091666666666666,0.434375,0.9295833333333333
0.7091666666666666,0.434375,0.930625
0.7091666666666666,0.434375,0.9291666666666667
0.7091666666666666,0.434375,0.929375
0.7091666666666666,0.434375,0.9239583333333333
0.7091666666666666,0.434375,0.92375
