human,model,check_all
0.7091666666666666,0.434375,0.93375
0.7091666666666666,0.434375,0.93375
0.7091666666666666,0.434375,0.9335416666666667
0.7091666666666666,0.434375,0.93375
0.7091666666666666,0.434375,0.93375
0.7091666666666666,0.434375,0.93375
0.7091666666666666,0.434375,0.9335416666666667
0.7091666666666666,0.434375,0.93375
0.7091666666666666,0.434375,0.9339583333333333
0.7091666666666666,0.434375,0.93375
