human,model,check_all
0.9010416666666666,0.434375,0.7910416666666666
0.9010416666666666,0.434375,0.79875
0.9010416666666666,0.434375,0.8004166666666667
0.9010416666666666,0.434375,0.7883333333333333
0.9010416666666666,0.434375,0.815
0.9010416666666666,0.434375,0.826875
0.9010416666666666,0.434375,0.778125
0.9010416666666666,0.434375,0.7960416666666666
0.9010416666666666,0.434375,0.7985416666666667
0.9010416666666666,0.434375,0.7954166666666667
