human,model,check_all
0.9010416666666666,0.434375,0.9283333333333333
0.9010416666666666,0.434375,0.9285416666666667
0.9010416666666666,0.434375,0.9283333333333333
0.9010416666666666,0.434375,0.9295833333333333
0.9010416666666666,0.434375,0.9285416666666667
0.9010416666666666,0.434375,0.9285416666666667
0.9010416666666666,0.434375,0.9285416666666667
0.9010416666666666,0.434375,0.92875
0.9010416666666666,0.434375,0.9283333333333333
0.9010416666666666,0.434375,0.9285416666666667
