human,model,check_all
0.9010416666666666,0.434375,0.9391666666666667
0.9010416666666666,0.434375,0.9397916666666667
0.9010416666666666,0.434375,0.949375
0.9010416666666666,0.434375,0.9372916666666666
0.9010416666666666,0.434375,0.9341666666666667
0.9010416666666666,0.434375,0.9454166666666667
0.9010416666666666,0.434375,0.9345833333333333
0.9010416666666666,0.434375,0.9279166666666666
0.9010416666666666,0.434375,0.94125
0.9010416666666666,0.434375,0.93625
