human,model,check_all
0.9010416666666666,0.434375,0.8304166666666667
0.9010416666666666,0.434375,0.835
0.9010416666666666,0.434375,0.8439583333333334
0.9010416666666666,0.434375,0.8458333333333333
0.9010416666666666,0.434375,0.8316666666666667
0.9010416666666666,0.434375,0.8102083333333333
0.9010416666666666,0.434375,0.821875
0.9010416666666666,0.434375,0.8291666666666667
0.9010416666666666,0.434375,0.855625
0.9010416666666666,0.434375,0.859375
