human,model,check_all
0.9010416666666666,0.434375,0.9583333333333334
0.9010416666666666,0.434375,0.9604166666666667
0.9010416666666666,0.434375,0.9589583333333334
0.9010416666666666,0.434375,0.958125
0.9010416666666666,0.434375,0.9572916666666667
0.9010416666666666,0.434375,0.9595833333333333
0.9010416666666666,0.434375,0.956875
0.9010416666666666,0.434375,0.9572916666666667
0.9010416666666666,0.434375,0.9560416666666667
0.9010416666666666,0.434375,0.9579166666666666
