human,model,check_all
0.9010416666666666,0.434375,0.9322916666666666
0.9010416666666666,0.434375,0.939375
0.9010416666666666,0.434375,0.9327083333333334
0.9010416666666666,0.434375,0.9395833333333333
0.9010416666666666,0.434375,0.9316666666666666
0.9010416666666666,0.434375,0.9352083333333333
0.9010416666666666,0.434375,0.935
0.9010416666666666,0.434375,0.9341666666666667
0.9010416666666666,0.434375,0.9345833333333333
0.9010416666666666,0.434375,0.9370833333333334
