human,model,check_all
0.9010416666666666,0.434375,0.9333333333333333
0.9010416666666666,0.434375,0.9416666666666667
0.9010416666666666,0.434375,0.9447916666666667
0.9010416666666666,0.434375,0.9410416666666667
0.9010416666666666,0.434375,0.941875
0.9010416666666666,0.434375,0.9389583333333333
0.9010416666666666,0.434375,0.941875
0.9010416666666666,0.434375,0.9425
0.9010416666666666,0.434375,0.939375
0.9010416666666666,0.434375,0.9402083333333333
